ann_return,ann_vol_oos,sharpe,max_drawdown_oos,calmar,eff_n_positions,n_days_oos,fold_id
0.09681548032387854,0.19695491092549877,0.49156164661718177,0.3779620271477351,0.25615134158976244,477.0,1575,0.0
