ann_return,ann_vol_oos,sharpe,max_drawdown_oos,calmar,eff_n_positions,n_days_oos,fold_id
0.09580293455822897,0.19090617337658292,0.5018325644674014,0.3745498078316354,0.2557815611035997,420.42863605364164,1575,0.0
