ann_return,ann_vol_oos,sharpe,max_drawdown_oos,calmar,eff_n_positions,n_days_oos,fold_id
0.028437467259748495,0.14249660912328455,0.19956592254869096,0.2633637235968873,0.10797792069220499,41.7076008440863,1575,0.0
