ann_return,ann_vol_oos,sharpe,max_drawdown_oos,calmar,eff_n_positions,n_days_oos,fold_id
0.04549699171425514,0.15084020955849112,0.3016237636332163,0.27273843099613493,0.16681547792177442,41.2261807943343,1575,0.0
