ann_return,ann_vol_oos,sharpe,max_drawdown_oos,calmar,eff_n_positions,n_days_oos,fold_id
0.05498131644220261,0.1494703116688376,0.3678410503620126,0.28501832284520057,0.19290449783491329,40.97135671664846,1575,0.0
