ann_return,ann_vol_oos,sharpe,max_drawdown_oos,calmar,eff_n_positions,n_days_oos,fold_id
0.13625190455333014,0.20627350355057278,0.6605400219031272,0.3392496000265329,0.40162731081384856,500.0,1575,0.0
