strategy,sharpe,ann_return,ann_vol_oos,max_drawdown_oos,H_norm_oos,sortino,calmar,eff_n_positions,diversification_ratio
VAE,0.38162284113364,0.06257373609653016,0.16396748137676997,0.3534035683866419,0.5336601926674442,0.4191167866068622,0.17706028374923266,50.4733419220985,2.4400269401574315
equal_weight,0.49156164661718177,0.09681548032387854,0.19695491092549877,0.3779620271477351,,,0.25615134158976244,477.0,
inverse_vol,0.5018325644674014,0.09580293455822897,0.19090617337658292,0.3745498078316354,,,0.2557815611035997,420.42863605364164,
min_variance,0.19956592254869096,0.028437467259748495,0.14249660912328455,0.2633637235968873,,,0.10797792069220499,41.7076008440863,
erc,0.49156164661718177,0.09681548032387854,0.19695491092549877,0.3779620271477351,,,0.25615134158976244,477.0,
pca_factor_rp,0.3016237636332163,0.04549699171425514,0.15084020955849112,0.27273843099613493,,,0.16681547792177442,41.2261807943343,
pca_vol,0.3678410503620126,0.05498131644220261,0.1494703116688376,0.28501832284520057,,,0.19290449783491329,40.97135671664846,
sp500_index,0.6605400219031272,0.13625190455333014,0.20627350355057278,0.3392496000265329,,,0.40162731081384856,500.0,
