H_norm_oos,ann_vol_oos,max_drawdown_oos,ann_return,sharpe,calmar,sortino,eff_n_positions,diversification_ratio,n_active_positions,n_days_oos,H_norm_au,H_norm_signal,n_signal,AU,e_star,alpha_opt,var_ratio_oos,explanatory_power,fold_id
0.5336601926674442,0.16396748137676997,0.3534035683866419,0.06257373609653016,0.38162284113364,0.17706028374923266,0.4191167866068622,50.4733419220985,2.4400269401574315,80.0,1575.0,0.7071833236434308,0.8912992293315543,12.0,26.0,164.0,0.001,2.742150674862171,0.21896995011470288,0.0
