ann_return,ann_vol_oos,sharpe,max_drawdown_oos,calmar,eff_n_positions,n_days_oos,fold_id
0.15887602516797525,0.03897508724237607,4.076348160043004,0.008281639246640368,19.184127735632394,49.99999999999999,130,0.0
-0.03510837729160445,0.04392470993071944,-0.7992853532096033,0.04866830818673581,-0.7213806807686195,49.99999999999999,131,1.0
0.03253634009077794,0.048802474763830886,0.6666944708896543,0.06338647288842233,0.5133010026926544,49.99999999999999,131,2.0
0.15020901258697789,0.04262805207275534,3.5237127966956816,0.013961213124122792,10.759022962513209,49.99999999999999,110,3.0
,,,,0.0,49.99999999999999,240,4.0
