ann_return,ann_vol_oos,sharpe,max_drawdown_oos,calmar,eff_n_positions,n_days_oos,fold_id
-0.08029698493194759,0.17439095904704024,-0.46044236106464825,0.14150534266410728,-0.567448432830903,44.000000000000014,129,0.0
0.09544522392077835,0.20779277055864814,0.4593288961120982,0.19296518105893867,0.4946240736126683,44.000000000000014,124,1.0
0.23824821831274265,0.1325527763124334,1.7973838416720893,0.06706241333366379,3.552634127963115,44.000000000000014,129,2.0
0.2939441220730397,0.1045313649128727,2.8120184053661146,0.038569427960436484,7.621168827667342,44.999999999999986,125,3.0
0.13611394205325783,0.09048490431537307,1.5042723765154333,0.03187209378243483,4.270630696006303,44.999999999999986,129,4.0
0.27522430001943043,0.1414339659835316,1.9459561789526372,0.10519354029830895,2.6163612255937623,44.999999999999986,125,5.0
0.09434093347443302,0.14764046091555239,0.6389910522454566,0.09138813727660232,1.032310497684109,44.999999999999986,128,6.0
-0.09397534834170482,0.23909248645349776,-0.39305019465754953,0.23339679340154168,-0.40264198565927717,44.999999999999986,106,7.0
0.24164585056221155,0.13846514488905365,1.7451745762865616,0.09787868966814953,2.46883005260383,44.999999999999986,232,8.0
