ann_return,ann_vol_oos,sharpe,max_drawdown_oos,calmar,eff_n_positions,n_days_oos,fold_id
0.12939838540413132,0.03035327608708675,4.263078062245199,0.005961367499805201,21.706158093484365,42.299884136458104,130,0.0
0.024451185670103123,0.03303153920946377,0.7402375503923742,0.037331149116219306,0.6549807934918292,42.08538581018563,131,1.0
0.06281281915732159,0.03563762615789981,1.762542176042156,0.03619002354259052,1.73563907974251,41.612236184619746,131,2.0
0.12449600386587432,0.03154857585041838,3.9461687416937186,0.011558093055434914,10.771327352078472,41.13011531753289,110,3.0
,,,,0.0,40.71732123273279,240,4.0
