ann_return,ann_vol_oos,sharpe,max_drawdown_oos,calmar,eff_n_positions,n_days_oos,fold_id
-0.08835905396565184,0.16859643312861552,-0.5240861406495251,0.13434698738478978,-0.6576928570238673,40.61533873853616,129,0.0
0.1179283428288718,0.19634735502496714,0.600610804326222,0.17149829238591613,0.6876356679021742,41.10899310658142,124,1.0
0.20782993604852998,0.1214477240571421,1.7112707353061996,0.0616853275155831,3.3691956323977927,41.63443492237207,129,2.0
0.24817426677125748,0.09757767829863973,2.543350806233695,0.044913626991703606,5.525589523578222,41.806360343202265,125,3.0
0.1267318676598874,0.08112693263506264,1.5621429720506226,0.028220168294673352,4.490826076462785,41.97316217380592,129,4.0
0.2353905794881398,0.13575169438892898,1.7339789425666035,0.10713225709928617,2.197196118718834,41.78597309033443,125,5.0
0.10323000486888902,0.13793446544097243,0.7483989192901551,0.08423234168289116,1.225538822813667,41.8622351478067,128,6.0
-0.07598711811313814,0.22173034463176253,-0.3427005818230849,0.21460476854781496,-0.3540793553998212,41.945418762733155,106,7.0
0.2343319457859663,0.12777423782703257,1.8339529921765643,0.08555167550054125,2.739069041195853,41.452200051419446,232,8.0
