ann_return,ann_vol_oos,sharpe,max_drawdown_oos,calmar,eff_n_positions,n_days_oos,fold_id
-0.08599782602940553,0.16849671464440855,-0.5103828060439831,0.13474129694628195,-0.6382440126258452,40.8088787442199,129,0.0
0.10159730164688748,0.19840966740048785,0.5120582226561289,0.1775584387373154,0.5721907805080061,41.28518898807227,124,1.0
0.19564204804405938,0.12180899461684272,1.6061379429282938,0.06371591205334942,3.070536726842237,41.224676071519816,129,2.0
0.24798210469671214,0.09737192844322788,2.5467514987268287,0.04372139270057219,5.671871122565287,41.809174943049356,125,3.0
0.12542849727592487,0.08005446157699678,1.5667895930483164,0.026772413863254473,4.684990226005631,41.17962601290634,129,4.0
0.2518322479261941,0.13746992040874742,1.8319080070564266,0.10712701669493503,2.3507818633961897,41.79327882245441,125,5.0
0.08984882704002807,0.14104363448487867,0.6370285859987591,0.08526583312767153,1.0537494767158877,42.35073924815629,128,6.0
-0.07993689211469429,0.22554542760820606,-0.35441592836699976,0.2181269504599847,-0.366469580884544,42.716098300069085,106,7.0
0.2319710954665293,0.12911014082786731,1.7966915222856015,0.08748610749779953,2.651519219464232,42.173319313932225,232,8.0
