ann_return,ann_vol_oos,sharpe,max_drawdown_oos,calmar,eff_n_positions,n_days_oos,fold_id
0.12393449394877877,0.028258989500575593,4.385666159303199,0.005462752351111995,22.687188798436146,37.73255775009898,130,0.0
0.042376191071441124,0.030434812807573215,1.3923591822091472,0.0343850786263787,1.2324005866583072,37.769631943905004,131,1.0
0.0634037609455738,0.03341477966184376,1.8974765534059281,0.034255570857371624,1.8509036445361013,37.68754566777515,131,2.0
0.1271265722896937,0.030191613578909666,4.2106584319328295,0.010976821445869926,11.581364688912345,37.66234609277302,110,3.0
,,,,0.0,37.69947317669932,240,4.0
