ann_return,ann_vol_oos,sharpe,max_drawdown_oos,calmar,eff_n_positions,n_days_oos,fold_id
-0.115824188076852,0.16165136302690736,-0.7165061024420358,0.13395876426030495,-0.8646256832571676,20.862140557394767,129,0.0
0.18004739755862081,0.17422402407686974,1.0334246296548733,0.11646864247560301,1.5458873198108736,21.424857873921603,124,1.0
0.1280644068804419,0.0962268638347142,1.3308591985333122,0.04837654970469871,2.6472414354098364,21.426288374987372,129,2.0
0.1554766788269742,0.08893627453815874,1.7481807016805704,0.06539542129059264,2.3774856979068053,22.47460499095666,125,3.0
0.04225807828658776,0.06923437116997959,0.6103627081820178,0.022482786448691415,1.8795747752631142,22.06443722526156,129,4.0
0.12638127101185992,0.13367192450473903,0.9454586030694827,0.11391751460662955,1.1094103610693156,21.853626178580015,125,5.0
0.15574971540346433,0.12214527192016406,1.2751186595684574,0.07240404160008806,2.151119080668487,22.672834328525877,128,6.0
-0.07302246192947386,0.19559189436906282,-0.3733409411725805,0.19972411745668964,-0.36561664589810416,22.395811752304304,106,7.0
0.2185895203632945,0.1154118270531565,1.8939958403276667,0.07148636636507325,3.0577791469632283,22.4167588358631,232,8.0
