ann_return,ann_vol_oos,sharpe,max_drawdown_oos,calmar,eff_n_positions,n_days_oos,fold_id
0.10574496715665808,0.026802579966729623,3.9453279232044314,0.005099551128754768,20.73613235494305,30.511847958923234,130,0.0
0.06299418575710934,0.02771903560164375,2.272596588943872,0.028791941036408406,2.1879103488525145,30.294733183220373,131,1.0
0.08059346871998822,0.030471191109344237,2.6449070674914834,0.020834176821180172,3.8683298798758554,29.887290388209326,131,2.0
0.11084314251457604,0.0273010727093254,4.060028838233695,0.01020572550533873,10.860878284115396,29.59736634823144,110,3.0
,,,,0.0,29.50912703137761,240,4.0
