ann_return,ann_vol_oos,sharpe,max_drawdown_oos,calmar,eff_n_positions,n_days_oos,fold_id
0.13443893618414426,0.030069432257219718,4.470950267172579,0.005413572902245187,24.833679828785165,41.226838309477465,130,0.0
0.0474385990017681,0.032842445231903925,1.4444295687120496,0.039920336202262825,1.1883316503501569,41.12061175787654,131,1.0
0.06974449718460608,0.03562187929469026,1.9579117824646068,0.033756867239529614,2.06608322655411,40.99475386142443,131,2.0
0.12513591566512114,0.03193924782275277,3.9179355869482073,0.013447184082548396,9.305733817351479,40.78763308279231,110,3.0
,,,,0.0,40.57135752696532,240,4.0
