ann_return,ann_vol_oos,sharpe,max_drawdown_oos,calmar,eff_n_positions,n_days_oos,fold_id
-0.10887269594951522,0.18908713000989033,-0.575780572394433,0.15973866027821018,-0.6815676039845093,20.000000038871065,129,0.0
0.12261200029394632,0.21974833019389486,0.5579655608111318,0.19885856213119885,0.6165789341926946,20.066961573762658,124,1.0
0.3230157680909784,0.14520114826703515,2.224608909407036,0.06647789042374831,4.858995464988243,20.000000090244537,129,2.0
0.2663719521507172,0.11585818441480791,2.2991207181102005,0.04438554479099275,6.00132212874793,20.000000016769683,125,3.0
0.2354959043521168,0.10595629203105543,2.222575930489279,0.03077253037146227,7.652796227979687,20.0000000679861,129,4.0
0.2786160576002707,0.1468224942689912,1.897638771139677,0.10436447056460588,2.669644718101607,20.000000041158234,125,5.0
0.18149974181629275,0.14577081312276388,1.2451034464864994,0.09204797866019367,1.9717949753825792,20.37565293436176,128,6.0
-0.06788984266709461,0.23925402455035433,-0.2837563246623935,0.22756360083415167,-0.2983334875095983,20.000000019232232,106,7.0
0.22391309377747406,0.1392132956958954,1.6084174479038351,0.09118588769239273,2.455567406799004,20.15961124638045,232,8.0
