ann_return,ann_vol_oos,sharpe,max_drawdown_oos,calmar,eff_n_positions,n_days_oos,fold_id
0.18556271977777705,0.042008945135338795,4.417219217953603,0.010656648940639016,17.412858470934108,41.012320212796695,130,0.0
-0.016626688931645046,0.044615396960787077,-0.37266706258959015,0.04509546159621696,-0.3686998279454324,40.98630770327238,131,1.0
0.004883875297771585,0.049190828339817104,0.09928426624640459,0.06443344956006394,0.0757972036437209,41.22389835280725,131,2.0
0.11826540430105034,0.043802235807771726,2.699985562838936,0.01808208167579261,6.540475063741039,41.36399661560591,110,3.0
,,,,0.0,41.51156606153829,240,4.0
